City_ID,City,Lat,Lng,Max Temp,Humidity,Cloudiness,Wind Speed,Country,Date
0,Angoche,61.95,159.2333,21.24,63,100,27.2,RU,2022-01-31 23:42:00
1,Ponta Do Sol,32.6667,-17.1,66.0,83,32,12.95,PT,2022-01-31 23:44:38
2,Priargunsk,50.3691,119.1012,-29.15,100,53,0.38,RU,2022-01-31 23:46:02
3,San Cristobal,7.7669,-72.225,75.38,81,81,2.55,VE,2022-01-31 23:42:24
4,Kapaa,22.0752,-159.319,76.12,71,0,1.01,US,2022-01-31 23:42:06
5,Laguna,38.421,-121.4238,64.63,53,0,1.99,US,2022-01-31 23:46:03
6,Coos Bay,43.3665,-124.2179,49.86,90,40,4.61,US,2022-01-31 23:46:03
7,Lowestoft,52.4752,1.7516,38.3,87,25,13.71,GB,2022-01-31 23:46:04
8,Bengkulu,-3.8004,102.2655,75.85,86,100,3.87,ID,2022-01-31 23:45:58
9,Hermanus,-34.4187,19.2345,73.9,88,2,9.01,ZA,2022-01-31 23:46:04
10,Ribeira Grande,38.5167,-28.7,59.83,75,14,14.32,PT,2022-01-31 23:46:04
11,Atuona,-9.8,-139.0333,78.46,77,14,18.12,PF,2022-01-31 23:46:05
12,Mangrol,21.1167,70.1167,69.49,80,0,10.54,IN,2022-01-31 23:46:05
13,Saldanha,-33.0117,17.9442,66.25,77,16,6.76,ZA,2022-01-31 23:46:06
14,Mattru,7.6244,-11.8332,72.55,95,38,0.51,SL,2022-01-31 23:46:06
15,Busselton,-33.65,115.3333,64.04,53,1,17.31,AU,2022-01-31 23:46:06
16,Punta Arenas,-53.15,-70.9167,46.51,81,40,24.16,CL,2022-01-31 23:42:03
17,Sanmenxia,34.7747,111.1814,25.83,50,17,1.72,CN,2022-01-31 23:46:07
18,Cape Town,-33.9258,18.4232,74.12,80,0,2.3,ZA,2022-01-31 23:46:07
19,Orbetello,42.4408,11.2196,47.62,87,34,8.05,IT,2022-01-31 23:46:08
20,Batagay-Alyta,67.8006,130.4114,-21.48,100,98,3.2,RU,2022-01-31 23:44:37
21,Castro,-24.7911,-50.0119,63.16,92,13,3.71,BR,2022-01-31 23:46:08
22,Atar,20.5169,-13.0499,80.06,13,100,8.19,MR,2022-01-31 23:44:39
23,Saint-Philippe,-21.3585,55.7679,78.39,80,100,14.81,RE,2022-01-31 23:46:09
24,Nelson Bay,-32.7167,152.15,85.28,74,10,1.99,AU,2022-01-31 23:46:09
25,Isangel,-19.55,169.2667,82.51,89,100,5.75,VU,2022-01-31 23:46:09
26,Tiksi,71.6872,128.8694,-10.71,100,100,6.58,RU,2022-01-31 23:46:10
27,Taltal,-25.4,-70.4833,66.15,77,5,4.88,CL,2022-01-31 23:46:10
28,Rikitea,-23.1203,-134.9692,78.01,67,66,4.72,PF,2022-01-31 23:46:10
29,Hithadhoo,-0.6,73.0833,82.11,75,26,11.68,MV,2022-01-31 23:46:11
30,Lar,26.2039,83.9717,50.99,85,0,4.63,IN,2022-01-31 23:46:11
31,Abramovka,51.1886,41.0202,28.72,93,99,16.02,RU,2022-01-31 23:46:11
32,Hamilton,39.1834,-84.5333,36.79,67,73,3.13,US,2022-01-31 23:43:22
33,Cernay,47.8097,7.177,38.62,90,69,9.1,FR,2022-01-31 23:46:12
34,Jamestown,42.097,-79.2353,29.84,50,1,5.75,US,2022-01-31 23:46:12
35,Kinarut,5.8231,116.0466,77.02,94,20,3.44,MY,2022-01-31 23:46:13
36,Barrow,71.2906,-156.7887,-12.98,77,20,10.36,US,2022-01-31 23:46:13
37,Saskylakh,71.9167,114.0833,-28.8,100,80,2.24,RU,2022-01-31 23:46:13
38,Bandarbeyla,9.4942,50.8122,76.44,77,58,15.1,SO,2022-01-31 23:46:14
39,Roma,43.2128,-75.4557,19.54,67,0,0.0,US,2022-01-31 23:46:14
40,Puerto Ayora,-0.7393,-90.3518,74.55,93,72,1.99,EC,2022-01-31 23:46:15
41,Altamira,-3.2033,-52.2064,73.62,98,99,2.01,BR,2022-01-31 23:46:15
42,Egvekinot,66.3167,-179.1667,1.6,70,85,13.33,RU,2022-01-31 23:46:15
43,Coihaique,-45.5752,-72.0662,59.61,63,75,8.05,CL,2022-01-31 23:46:16
44,Sidhi,24.4167,81.8833,55.09,55,1,3.71,IN,2022-01-31 23:46:16
45,Gigmoto,13.7796,124.39,77.85,86,53,12.95,PH,2022-01-31 23:46:16
46,Georgetown,5.4112,100.3354,78.89,88,20,3.0,MY,2022-01-31 23:44:36
47,Port Elizabeth,-33.918,25.5701,73.69,94,90,9.22,ZA,2022-01-31 23:47:17
48,Faya,18.3851,42.4509,53.71,82,4,6.17,SA,2022-01-31 23:47:17
49,Traverse City,44.7631,-85.6206,28.94,70,100,6.91,US,2022-01-31 23:47:18
50,Ushuaia,-54.8,-68.3,42.46,87,40,24.16,AR,2022-01-31 23:42:19
51,Vanderhoof,54.0166,-124.0198,19.62,94,99,1.99,CA,2022-01-31 23:47:18
52,Victoria,22.2855,114.1577,58.95,92,95,1.01,HK,2022-01-31 23:46:14
53,Almaznyy,48.0448,40.045,32.14,89,89,13.44,RU,2022-01-31 23:47:19
54,Butaritari,3.0707,172.7902,81.45,79,78,13.31,KI,2022-01-31 23:47:19
55,Kaitangata,-46.2817,169.8464,71.92,70,65,5.79,NZ,2022-01-31 23:47:19
56,Bethel,41.3712,-73.414,25.66,91,60,1.61,US,2022-01-31 23:47:20
57,Mar Del Plata,-38.0023,-57.5575,64.42,57,0,1.99,AR,2022-01-31 23:47:20
58,Talnakh,69.4865,88.3972,6.21,95,100,8.93,RU,2022-01-31 23:43:24
59,New Norfolk,-42.7826,147.0587,82.71,42,27,4.0,AU,2022-01-31 23:47:20
60,Constitucion,-35.3333,-72.4167,60.04,71,0,10.54,CL,2022-01-31 23:47:21
61,Ahipara,-35.1667,173.1667,71.6,79,99,15.5,NZ,2022-01-31 23:47:21
62,Korla,41.7597,86.1469,21.79,56,50,1.23,CN,2022-01-31 23:47:21
63,Matara,5.9485,80.5353,73.06,89,16,9.13,LK,2022-01-31 23:47:22
64,Bubaque,11.2833,-15.8333,77.52,67,88,13.18,GW,2022-01-31 23:47:22
65,Port Alfred,-33.5906,26.891,74.95,96,100,5.82,ZA,2022-01-31 23:47:23
66,Tasiilaq,65.6145,-37.6368,8.76,98,96,5.26,GL,2022-01-31 23:47:23
67,Kavaratti,10.5669,72.642,80.46,72,2,10.54,IN,2022-01-31 23:47:23
68,Ancud,-41.8697,-73.8203,60.42,75,11,8.12,CL,2022-01-31 23:47:24
69,Avarua,-21.2078,-159.775,71.65,100,100,9.22,CK,2022-01-31 23:47:24
70,Vaini,-21.2,-175.2,86.16,79,75,10.36,TO,2022-01-31 23:47:24
71,Aasiaat,68.7098,-52.8699,5.9,80,100,10.07,GL,2022-01-31 23:47:25
72,Orito,0.6766,-76.8771,72.23,95,99,3.94,CO,2022-01-31 23:47:25
73,Severo-Kurilsk,50.6789,156.125,29.05,74,100,21.43,RU,2022-01-31 23:47:25
74,Mataura,-46.1927,168.8643,75.47,50,65,1.88,NZ,2022-01-31 23:47:26
75,College,64.8569,-147.8028,-7.42,73,0,0.0,US,2022-01-31 23:47:26
76,Bambous Virieux,-20.3428,57.7575,80.22,78,75,14.97,MU,2022-01-31 23:43:13
77,Carnarvon,-24.8667,113.6333,78.87,73,0,10.36,AU,2022-01-31 23:47:27
78,Djenne,13.9061,-4.5533,74.23,14,24,8.99,ML,2022-01-31 23:47:27
79,Synya,65.3718,58.0387,1.71,98,100,4.56,RU,2022-01-31 23:47:28
80,Dillon,34.4166,-79.3712,49.01,63,46,7.87,US,2022-01-31 23:47:28
81,Porto Novo,6.4965,2.6036,80.42,79,60,4.41,BJ,2022-01-31 23:47:28
82,Nuristan,35.3,70.8333,-0.2,67,7,14.97,AF,2022-01-31 23:47:28
83,Nova Granada,-20.5339,-49.3142,75.45,90,100,2.77,BR,2022-01-31 23:47:29
84,Lebu,-37.6167,-73.65,58.3,75,0,17.43,CL,2022-01-31 23:47:30
85,Vanavara,60.34,102.2797,-11.22,100,91,1.97,RU,2022-01-31 23:47:30
86,Dutse,11.7594,9.3392,58.62,24,31,8.63,NG,2022-01-31 23:47:30
87,Bredasdorp,-34.5322,20.0403,74.28,88,23,4.61,ZA,2022-01-31 23:47:31
88,Boende,-0.2167,20.8667,71.49,68,98,2.35,CD,2022-01-31 23:47:31
89,Marang,5.2056,103.2059,75.11,87,58,3.29,MY,2022-01-31 23:47:31
90,Berlevag,70.8578,29.0864,22.1,75,70,8.21,NO,2022-01-31 23:47:32
91,Panaba,21.2833,-88.2667,68.94,65,53,13.58,MX,2022-01-31 23:43:30
92,Mahebourg,-20.4081,57.7,79.25,78,75,14.97,MU,2022-01-31 23:44:47
93,San Patricio,28.017,-97.5169,70.21,97,97,11.1,US,2022-01-31 23:48:32
94,Bluff,-46.6,168.3333,75.79,80,37,3.31,NZ,2022-01-31 23:48:33
95,Kendari,-3.945,122.4989,78.55,85,100,2.59,ID,2022-01-31 23:45:56
96,Torbay,47.6666,-52.7314,31.75,76,75,14.97,CA,2022-01-31 23:48:33
97,Saint George,37.1041,-113.5841,63.07,16,0,1.01,US,2022-01-31 23:48:33
98,Weligama,5.9667,80.4167,72.73,90,9,6.31,LK,2022-01-31 23:48:34
99,Dikson,73.5069,80.5464,-2.56,90,100,18.07,RU,2022-01-31 23:48:34
100,Saint-Denis,48.9167,2.3333,38.75,74,0,3.44,FR,2022-01-31 23:48:35
101,Ust-Omchug,61.15,149.6333,-8.52,97,94,6.91,RU,2022-01-31 23:48:35
102,Nome,64.5011,-165.4064,17.67,45,0,10.36,US,2022-01-31 23:46:20
103,Male,4.1748,73.5089,82.35,83,40,13.8,MV,2022-01-31 23:48:35
104,Asau,46.4333,26.4,32.95,69,100,3.98,RO,2022-01-31 23:48:36
105,Greenville,35.6127,-77.3663,44.74,63,0,0.0,US,2022-01-31 23:46:48
106,Kaoma,-14.7833,24.8,64.53,99,100,5.46,ZM,2022-01-31 23:48:36
107,Walvis Bay,-22.9575,14.5053,70.09,83,100,8.01,NA,2022-01-31 23:48:36
108,Faanui,-16.4833,-151.75,81.05,72,6,21.18,PF,2022-01-31 23:47:11
109,Yellowknife,62.456,-114.3525,-10.44,83,20,5.75,CA,2022-01-31 23:48:37
110,Baghmara,23.795,86.2085,58.06,52,5,3.96,IN,2022-01-31 23:48:37
111,Chicama,-7.8447,-79.1469,66.74,69,32,6.62,PE,2022-01-31 23:48:38
112,Guymon,36.6828,-101.4816,63.52,22,44,11.74,US,2022-01-31 23:43:48
113,Port Blair,11.6667,92.75,68.04,94,20,0.0,IN,2022-01-31 23:48:38
114,Cherskiy,68.75,161.3,-10.61,91,100,3.62,RU,2022-01-31 23:48:39
115,Kapoeta,4.7717,33.5903,80.76,28,13,3.18,SS,2022-01-31 23:48:39
116,Bathsheba,13.2167,-59.5167,79.41,78,40,11.5,BB,2022-01-31 23:48:40
117,Birao,10.2849,22.7882,69.42,15,83,12.15,CF,2022-01-31 23:48:40
118,Maniitsoq,65.4167,-52.9,7.32,87,99,10.76,GL,2022-01-31 23:48:40
119,Albany,42.6001,-73.9662,21.81,65,15,1.9,US,2022-01-31 23:47:18
120,Solomenskoye,44.2167,44.3528,31.66,85,92,5.14,RU,2022-01-31 23:48:41
121,Biak,-0.9131,122.8766,80.44,69,92,2.77,ID,2022-01-31 23:48:41
122,Naze,28.3667,129.4833,50.92,60,69,5.46,JP,2022-01-31 23:48:41
123,Varhaug,58.6147,5.6457,34.48,87,100,11.92,NO,2022-01-31 23:48:42
124,Kangaatsiaq,68.3065,-53.4641,9.28,72,100,10.16,GL,2022-01-31 23:48:42
125,Flinders,-34.5833,150.8552,88.05,71,26,5.99,AU,2022-01-31 23:48:43
126,Hobart,-42.8794,147.3294,83.05,51,40,1.99,AU,2022-01-31 23:48:02
127,Katsuura,35.1333,140.3,45.19,43,89,6.62,JP,2022-01-31 23:48:43
128,Sao Filipe,14.8961,-24.4956,75.04,69,100,5.35,CV,2022-01-31 23:48:43
129,Salalah,17.0151,54.0924,68.09,77,0,3.44,OM,2022-01-31 23:48:44
130,Geraldton,-28.7667,114.6,72.01,56,3,20.71,AU,2022-01-31 23:48:44
131,Comodoro Rivadavia,-45.8667,-67.5,75.06,23,58,25.32,AR,2022-01-31 23:45:01
132,Huaicheng,23.9051,112.1931,46.22,91,100,2.39,CN,2022-01-31 23:48:45
133,Hualmay,-11.0964,-77.6139,71.37,81,71,8.59,PE,2022-01-31 23:47:22
134,Upernavik,72.7868,-56.1549,-17.36,97,100,7.25,GL,2022-01-31 23:47:29
135,Fortuna,40.5982,-124.1573,53.42,70,0,1.01,US,2022-01-31 23:48:45
136,Evensk,61.95,159.2333,21.24,63,100,27.2,RU,2022-01-31 23:42:00
137,Angoche,-16.2325,39.9086,76.19,84,1,6.67,MZ,2022-01-31 23:49:46
138,Mukhen,48.1,136.1,1.38,89,97,4.18,RU,2022-01-31 23:49:46
139,Cabedelo,-6.9811,-34.8339,79.47,75,21,10.45,BR,2022-01-31 23:45:58
140,Balikpapan,-1.2675,116.8289,76.19,94,20,5.75,ID,2022-01-31 23:49:47
141,Garowe,8.4054,48.4845,68.0,88,67,9.48,SO,2022-01-31 23:49:47
142,Pisco,-13.7,-76.2167,73.45,73,40,19.57,PE,2022-01-31 23:48:34
143,Saint-Pierre,-21.3393,55.4781,78.48,73,20,11.5,RE,2022-01-31 23:45:58
144,Lavrentiya,65.5833,-171.0,-0.18,83,49,12.53,RU,2022-01-31 23:49:48
145,Prince Rupert,54.3161,-130.3201,38.89,87,100,2.3,CA,2022-01-31 23:45:06
146,Touros,-5.1989,-35.4608,79.7,73,62,12.17,BR,2022-01-31 23:49:48
147,Cidreira,-30.1811,-50.2056,73.33,85,26,3.89,BR,2022-01-31 23:49:48
148,Pathein,16.7833,94.7333,60.21,73,90,3.85,MM,2022-01-31 23:49:49
149,Kahului,20.8947,-156.47,79.86,68,40,16.11,US,2022-01-31 23:49:49
150,Ngunguru,-35.6167,174.5,72.16,77,98,17.96,NZ,2022-01-31 23:49:49
151,Puerto Narino,-3.7703,-70.3831,85.95,78,84,2.37,CO,2022-01-31 23:49:50
152,San Luis,-33.295,-66.3356,77.04,39,17,7.99,AR,2022-01-31 23:49:50
153,Akdepe,42.0551,59.3788,32.0,80,12,9.8,TM,2022-01-31 23:49:51
154,Klaksvik,62.2266,-6.589,47.32,82,100,36.84,FO,2022-01-31 23:45:55
155,Cayenne,4.9333,-52.3333,80.1,84,75,4.0,GF,2022-01-31 23:49:51
156,Porbandar,21.6422,69.6093,70.07,81,0,7.27,IN,2022-01-31 23:49:52
157,Teacapan,22.55,-105.75,73.29,54,0,10.49,MX,2022-01-31 23:49:52
158,Hilo,19.7297,-155.09,80.33,62,20,11.5,US,2022-01-31 23:49:52
159,Mattawa,46.7379,-119.9028,48.85,55,28,14.0,US,2022-01-31 23:49:53
160,Narsaq,60.9167,-46.05,26.82,88,99,5.66,GL,2022-01-31 23:49:53
161,Khatanga,71.9667,102.5,-28.84,100,44,2.91,RU,2022-01-31 23:49:53
162,Normandin,48.8333,-72.5321,-7.98,70,91,6.91,CA,2022-01-31 23:49:54
163,Chokurdakh,70.6333,147.9167,-13.92,95,100,2.24,RU,2022-01-31 23:49:54
164,San Buenaventura,27.0833,-101.5333,74.37,15,0,10.18,MX,2022-01-31 23:49:54
165,Khoy,38.5504,44.9535,18.3,79,100,5.66,IR,2022-01-31 23:49:55
166,Kruisfontein,-34.0033,24.7314,70.88,98,99,4.63,ZA,2022-01-31 23:49:55
167,Airai,-8.9266,125.4092,67.21,69,78,5.61,TL,2022-01-31 23:49:55
168,Aripuana,-9.1667,-60.6333,71.76,97,100,2.04,BR,2022-01-31 23:49:56
169,General Roca,-39.0333,-67.5833,84.6,16,1,6.98,AR,2022-01-31 23:46:03
170,Saint Anthony,45.0205,-93.218,29.14,74,75,5.99,US,2022-01-31 23:48:27
171,Camargo,27.6667,-105.1667,67.39,15,0,9.22,MX,2022-01-31 23:49:56
172,Vostok,46.4856,135.8833,-3.24,94,99,3.71,RU,2022-01-31 23:49:56
173,Elizabeth City,36.2946,-76.2511,42.82,81,0,8.05,US,2022-01-31 23:49:57
174,Suluq,31.6682,20.2521,52.29,69,1,10.25,LY,2022-01-31 23:49:57
175,Richards Bay,-28.783,32.0377,74.35,82,61,9.89,ZA,2022-01-31 23:49:58
176,Coquimbo,-29.9533,-71.3436,65.93,77,40,10.36,CL,2022-01-31 23:49:58
177,Kailua,21.4022,-157.7394,80.58,67,40,6.91,US,2022-01-31 23:49:58
178,Kamenka,51.3223,42.7678,31.75,89,100,17.92,RU,2022-01-31 23:49:59
179,Mercedes,-34.6515,-59.4307,71.85,46,6,8.16,AR,2022-01-31 23:49:59
180,Ostrovnoy,68.0531,39.5131,11.07,96,100,5.3,RU,2022-01-31 23:50:00
181,Cabra,37.4725,-4.4421,48.9,52,0,2.68,ES,2022-01-31 23:51:00
182,Marzuq,14.4,46.4667,59.5,63,48,5.28,YE,2022-01-31 23:51:00
183,Sur,22.5667,59.5289,72.0,59,0,5.79,OM,2022-01-31 23:51:01
184,Alyangula,-13.8483,136.4192,84.07,84,40,12.66,AU,2022-01-31 23:51:01
185,Iqaluit,63.7506,-68.5145,-29.31,66,20,3.0,CA,2022-01-31 23:50:08
186,Mildura,-34.2,142.15,75.07,53,100,12.66,AU,2022-01-31 23:46:31
187,Whitianga,-36.8333,175.7,71.42,66,90,13.53,NZ,2022-01-31 23:51:02
188,Cam Ranh,11.9214,109.1591,75.16,88,40,9.22,VN,2022-01-31 23:51:02
189,Turukhansk,65.8167,87.9833,9.64,94,100,11.86,RU,2022-01-31 23:48:31
190,Kodiak,57.79,-152.4072,29.71,74,90,5.75,US,2022-01-31 23:49:55
191,Roverud,60.2521,12.055,18.75,98,96,1.66,NO,2022-01-31 23:51:02
192,Angoram,-4.0625,144.0661,77.79,84,100,4.0,PG,2022-01-31 23:51:03
193,Kingsland,30.8,-81.6898,62.94,63,27,3.31,US,2022-01-31 23:51:03
194,Key West,24.5557,-81.7826,64.99,68,0,9.22,US,2022-01-31 23:47:52
195,At-Bashi,41.1702,75.8106,-0.92,70,85,2.08,KG,2022-01-31 23:49:15
196,Afsin,38.2477,36.914,26.02,97,97,2.08,TR,2022-01-31 23:51:04
197,Pombia,45.653,8.6336,47.46,34,0,17.27,IT,2022-01-31 23:51:04
198,Morant Bay,17.8815,-76.4093,78.42,84,20,11.48,JM,2022-01-31 23:51:05
199,Nizhniy Tsasuchey,50.5167,115.1333,-17.1,97,10,4.72,RU,2022-01-31 23:51:05
200,Caravelas,-17.7125,-39.2481,78.71,87,3,8.97,BR,2022-01-31 23:49:39
201,Chuy,-33.6971,-53.4616,63.1,63,22,9.1,UY,2022-01-31 23:51:05
202,Rudbar,30.15,62.6,53.4,35,0,7.31,AF,2022-01-31 23:51:06
203,Atasu,48.6814,71.6433,-1.52,98,33,4.38,KZ,2022-01-31 23:51:06
204,Pafos,34.7667,32.4167,44.51,73,3,2.68,CY,2022-01-31 23:51:06
205,Bagdarin,54.4333,113.6,-19.61,96,26,3.85,RU,2022-01-31 23:51:07
206,East London,-33.0153,27.9116,77.18,73,100,2.71,ZA,2022-01-31 23:47:40
207,Kavieng,-2.5744,150.7967,80.92,80,100,9.84,PG,2022-01-31 23:51:07
208,Longyearbyen,78.2186,15.6401,12.04,67,20,9.22,SJ,2022-01-31 23:51:08
209,Maragogi,-9.0122,-35.2225,78.89,76,11,6.76,BR,2022-01-31 23:48:34
210,Padang,-0.9492,100.3543,77.05,88,66,2.06,ID,2022-01-31 23:51:08
211,Coyutla,20.25,-97.65,71.29,78,2,1.95,MX,2022-01-31 23:51:08
212,Ahlat,38.7518,42.4814,19.36,94,99,2.73,TR,2022-01-31 23:51:09
213,Mayo,38.8876,-76.5119,33.75,63,0,8.01,US,2022-01-31 23:50:09
214,Palauig,15.435,119.9045,78.21,66,17,3.22,PH,2022-01-31 23:51:09
215,Codrington,-38.2667,141.9667,63.19,62,71,20.49,AU,2022-01-31 23:51:09
216,Maceio,-9.6658,-35.7353,80.04,83,0,5.75,BR,2022-01-31 23:50:24
217,Ambon,-3.6954,128.1814,86.14,66,40,12.66,ID,2022-01-31 23:48:30
218,Necochea,-38.5473,-58.7368,60.04,53,44,7.81,AR,2022-01-31 23:51:10
219,Banda Aceh,5.5577,95.3222,76.89,85,99,7.83,ID,2022-01-31 23:51:10
220,Luanda,-8.8368,13.2343,78.8,78,40,10.36,AO,2022-01-31 23:50:07
221,Hambantota,6.1241,81.1185,74.91,81,21,13.0,LK,2022-01-31 23:51:11
222,Kurmanayevka,52.5093,52.0675,26.64,89,100,17.31,RU,2022-01-31 23:51:11
223,Hasaki,35.7333,140.8333,39.29,40,44,4.47,JP,2022-01-31 23:49:55
224,Bowen,-20.0167,148.2333,84.42,71,10,4.16,AU,2022-01-31 23:51:11
225,Qaanaaq,77.484,-69.3632,-21.96,53,0,11.34,GL,2022-01-31 23:51:12
226,Sainte-Maxime,43.3,6.6333,50.0,32,2,5.59,FR,2022-01-31 23:51:12
227,Puerto Santander,8.3636,-72.4063,85.41,67,41,3.0,CO,2022-01-31 23:51:12
228,Conde,-7.2597,-34.9075,78.26,89,0,4.61,BR,2022-01-31 23:51:13
229,Chumikan,54.7183,135.315,-4.61,86,77,14.92,RU,2022-01-31 23:51:13
230,Qianan,44.9932,124.0581,-10.89,100,29,3.65,CN,2022-01-31 23:51:13
231,Kingaroy,-26.5333,151.8333,86.05,61,53,11.5,AU,2022-01-31 23:52:14
232,Dunedin,-45.8742,170.5036,65.8,82,82,11.99,NZ,2022-01-31 23:52:14
233,Alugan,12.2188,125.4808,79.47,83,67,10.36,PH,2022-01-31 23:52:14
234,Henderson,36.0397,-114.9819,60.24,21,1,5.75,US,2022-01-31 23:49:05
235,Pangai,-19.8,-174.35,80.78,73,84,11.77,TO,2022-01-31 23:52:15
236,West Wendover,40.7391,-114.0733,38.79,44,1,17.4,US,2022-01-31 23:51:31
237,Fort Nelson,58.8053,-122.7002,-0.81,78,75,2.3,CA,2022-01-31 23:52:15
238,Nanortalik,60.1432,-45.2371,25.61,81,100,16.84,GL,2022-01-31 23:48:32
239,Filingue,14.3521,3.3168,64.74,12,0,10.27,NE,2022-01-31 23:52:16
240,Pevek,69.7008,170.3133,-17.48,97,92,0.81,RU,2022-01-31 23:52:16
241,Antofagasta,-23.65,-70.4,69.08,83,4,5.28,CL,2022-01-31 23:52:16
242,Katete,-0.7818,29.7544,65.5,65,100,2.86,UG,2022-01-31 23:52:17
243,Havre-Saint-Pierre,50.2334,-63.5986,12.79,72,100,13.8,CA,2022-01-31 23:52:17
244,Sherman,33.6357,-96.6089,63.07,74,33,5.99,US,2022-01-31 23:48:38
245,Souillac,-20.5167,57.5167,79.36,78,75,14.97,MU,2022-01-31 23:52:17
246,Cairns,-16.9167,145.7667,90.1,71,64,4.61,AU,2022-01-31 23:52:18
247,Paraiso,9.8383,-83.8656,72.46,97,68,3.62,CR,2022-01-31 23:52:18
248,Aklavik,68.2191,-135.0107,1.4,78,75,11.5,CA,2022-01-31 23:52:18
249,Viedma,-40.8135,-62.9967,69.37,26,16,3.31,AR,2022-01-31 23:52:19
250,San Quintin,30.4833,-115.95,61.56,61,84,10.85,MX,2022-01-31 23:52:19
251,Sitka,57.0531,-135.33,35.49,80,75,3.44,US,2022-01-31 23:52:19
252,Alice Springs,-23.7,133.8833,76.55,88,100,16.11,AU,2022-01-31 23:48:28
253,Fairbanks,64.8378,-147.7164,-7.4,73,0,0.0,US,2022-01-31 23:52:20
254,Kununurra,-15.7667,128.7333,84.18,74,100,12.66,AU,2022-01-31 23:52:20
255,Aosta,45.7667,7.4167,25.57,35,55,8.99,IT,2022-01-31 23:52:20
256,Ilulissat,69.2167,-51.1,-1.35,98,100,4.59,GL,2022-01-31 23:52:21
257,Tete,-16.1564,33.5867,77.14,100,20,3.0,MZ,2022-01-31 23:52:21
258,Kokopo,-4.352,152.2633,80.78,77,100,6.73,PG,2022-01-31 23:52:21
259,Anadyr,64.75,177.4833,18.1,45,0,8.95,RU,2022-01-31 23:52:19
260,Dubai,25.2582,55.3047,70.21,73,0,3.44,AE,2022-01-31 23:52:22
261,Lazaro Cardenas,17.9583,-102.2,79.29,62,0,8.34,MX,2022-01-31 23:52:22
262,Takoradi,4.8845,-1.7554,78.22,85,71,4.7,GH,2022-01-31 23:52:22
263,Lewiston,44.1003,-70.2148,19.4,74,0,0.0,US,2022-01-31 23:48:57
264,Chkalovskoye,44.8392,133.0436,1.96,96,98,3.09,RU,2022-01-31 23:52:23
265,Wieliczka,49.9874,20.0647,32.95,71,100,1.99,PL,2022-01-31 23:52:23
266,Srednekolymsk,67.45,153.6833,-14.15,92,100,4.65,RU,2022-01-31 23:52:23
267,Urcos,-13.6861,-71.6228,58.89,89,100,6.55,PE,2022-01-31 23:52:24
268,Ajdabiya,30.7554,20.2263,52.68,72,2,10.76,LY,2022-01-31 23:51:04
269,Polson,47.6936,-114.1632,34.48,76,100,14.0,US,2022-01-31 23:52:24
270,Huarmey,-10.0681,-78.1522,71.92,80,84,8.61,PE,2022-01-31 23:52:24
271,Vestmannaeyjar,63.4427,-20.2734,41.72,79,90,36.44,IS,2022-01-31 23:51:06
272,Lasa,46.6166,10.7002,34.7,95,96,7.49,IT,2022-01-31 23:52:25
273,Suntar,62.1444,117.6319,-11.81,100,97,2.64,RU,2022-01-31 23:52:25
274,Ipameri,-17.7219,-48.1597,68.38,94,100,3.15,BR,2022-01-31 23:52:25
275,Tuktoyaktuk,69.4541,-133.0374,-18.4,76,75,0.0,CA,2022-01-31 23:52:26
276,Broome,42.2506,-75.833,19.98,71,11,1.01,US,2022-01-31 23:52:26
277,Prudnik,50.3212,17.5746,32.76,95,85,6.26,PL,2022-01-31 23:52:26
278,Pierre,44.3683,-100.351,47.32,58,0,5.99,US,2022-01-31 23:52:07
279,Krasnoarmeysk,51.0239,45.6969,33.08,97,100,15.28,RU,2022-01-31 23:52:27
280,Lompoc,34.6391,-120.4579,66.51,72,0,9.22,US,2022-01-31 23:51:35
281,Meulaboh,4.1363,96.1285,75.97,88,42,2.64,ID,2022-01-31 23:48:41
282,Nicoya,10.1483,-85.452,78.35,66,39,8.79,CR,2022-01-31 23:53:27
283,Natuba,-7.6414,-35.55,76.93,82,18,4.9,BR,2022-01-31 23:53:28
284,Lingao,19.9103,109.6859,61.84,92,100,17.69,CN,2022-01-31 23:53:28
285,Thompson,55.7435,-97.8558,1.56,78,100,6.91,CA,2022-01-31 23:48:39
286,Mount Gambier,-37.8333,140.7667,66.11,52,75,19.57,AU,2022-01-31 23:53:28
287,Saint-Joseph,-21.3667,55.6167,77.38,79,100,15.43,RE,2022-01-31 23:52:24
288,Stawell,-37.05,142.7667,72.45,44,58,10.78,AU,2022-01-31 23:53:29
289,Ulladulla,-35.35,150.4667,88.88,54,20,3.2,AU,2022-01-31 23:53:29
290,Sabha,27.0377,14.4283,49.28,45,0,9.53,LY,2022-01-31 23:49:45
291,Carandai,-20.9536,-43.8064,68.04,97,100,3.49,BR,2022-01-31 23:49:12
292,Provideniya,64.3833,-173.3,5.36,66,40,26.84,RU,2022-01-31 23:48:45
293,Bambanglipuro,-7.95,110.2833,62.6,84,100,3.11,ID,2022-01-31 23:53:30
294,Esperance,-33.8667,121.9,64.24,57,87,16.89,AU,2022-01-31 23:53:30
295,Tomohon,1.3346,124.8392,67.14,81,97,1.54,ID,2022-01-31 23:53:30
296,Soe,-9.8607,124.284,73.15,74,49,7.05,ID,2022-01-31 23:53:31
297,Chardara,41.2547,67.9692,39.31,65,54,5.97,KZ,2022-01-31 23:53:31
298,Wattegama,6.7989,81.4808,74.64,76,78,5.08,LK,2022-01-31 23:53:31
299,Troitskoye,52.9821,84.6757,11.41,96,100,4.09,RU,2022-01-31 23:53:32
300,Pio Ix,-6.8375,-40.5792,72.72,59,20,5.7,BR,2022-01-31 23:53:32
301,Isiro,2.7739,27.616,67.06,48,94,2.98,CD,2022-01-31 23:53:32
302,Ranir Bazar,23.8333,91.3667,54.07,76,16,5.01,IN,2022-01-31 23:53:33
303,Olafsvik,64.8945,-23.7142,25.84,80,87,23.2,IS,2022-01-31 23:53:33
304,Virtsu,58.5716,23.5115,25.05,75,98,7.61,EE,2022-01-31 23:53:33
305,Sayyan,15.1718,44.3244,51.96,52,5,2.42,YE,2022-01-31 23:53:34
306,Ramhormoz,31.28,49.6035,55.11,89,100,6.93,IR,2022-01-31 23:53:34
307,Santa Cruz,-17.8,-63.1667,76.46,69,75,14.97,BO,2022-01-31 23:51:53
308,The Valley,18.217,-63.0578,78.94,73,20,8.05,AI,2022-01-31 23:53:35
309,Kushmurun,52.4503,64.6311,24.6,96,100,11.36,KZ,2022-01-31 23:53:35
310,Vao,-22.6667,167.4833,77.88,84,100,9.06,NC,2022-01-31 23:53:35
311,Katangli,51.7102,143.2326,8.31,90,100,21.41,RU,2022-01-31 23:53:36
312,Dera Bugti,29.0307,69.151,59.97,35,0,4.79,PK,2022-01-31 23:53:36
313,Saint-Francois,46.4154,3.9054,35.42,80,0,6.91,FR,2022-01-31 23:53:36
314,Tuatapere,-46.1333,167.6833,75.81,48,75,0.58,NZ,2022-01-31 23:53:36
315,Qaqortoq,60.7167,-46.0333,20.93,76,97,19.42,GL,2022-01-31 23:53:37
316,Norman Wells,65.282,-126.8329,5.04,72,100,11.5,CA,2022-01-31 23:50:37
317,Tabalosos,-6.35,-76.6833,77.2,98,85,2.57,PE,2022-01-31 23:53:37
318,Chapayevka,47.4711,36.3451,28.35,90,55,11.1,UA,2022-01-31 23:53:38
319,Amahai,-3.3333,128.9167,83.48,69,99,11.1,ID,2022-01-31 23:53:38
320,Karratha,-20.7377,116.8463,86.7,66,78,5.17,AU,2022-01-31 23:51:58
321,Oneonta,42.4529,-75.0638,17.22,91,11,2.15,US,2022-01-31 23:53:39
322,Port Hedland,-20.3167,118.5667,84.25,84,100,3.44,AU,2022-01-31 23:51:28
323,Sucua,-2.4667,-78.1667,72.34,78,75,3.44,EC,2022-01-31 23:53:39
324,Dingle,10.9995,122.6711,77.63,86,99,9.71,PH,2022-01-31 23:53:39
325,Sorland,67.667,12.6934,34.09,56,100,10.71,NO,2022-01-31 23:53:34
326,Gorom-Gorom,14.4439,-0.2361,68.95,15,17,9.75,BF,2022-01-31 23:54:40
327,Malindi,-3.2175,40.1191,76.08,87,63,7.0,KE,2022-01-31 23:54:40
328,Megion,61.0296,76.1136,6.82,97,96,4.43,RU,2022-01-31 23:54:40
329,Shakhtinsk,49.71,72.5872,12.76,100,63,3.67,KZ,2022-01-31 23:54:41
330,Clyde River,70.4692,-68.5914,-34.37,67,75,6.91,CA,2022-01-31 23:54:41
331,Macusani,-14.0833,-70.4333,40.41,86,99,4.59,PE,2022-01-31 23:54:41
332,Port Augusta,-32.5,137.7667,73.71,68,100,19.98,AU,2022-01-31 23:54:42
333,Komsomolskiy,40.4272,71.7189,29.62,80,95,4.61,UZ,2022-01-31 23:54:42
334,Gisborne,-38.6533,178.0042,77.95,58,52,13.6,NZ,2022-01-31 23:54:42
335,Baruun-Urt,46.6806,113.2792,-11.69,95,10,5.48,MN,2022-01-31 23:54:43
336,Pemba,-12.974,40.5178,78.21,81,15,6.4,MZ,2022-01-31 23:54:43
337,Natitingou,10.3042,1.3796,72.72,13,95,8.72,BJ,2022-01-31 23:54:43
338,Nikolskoye,59.7035,30.7861,26.4,96,100,5.08,RU,2022-01-31 23:51:10
339,Shimoda,34.6667,138.95,46.11,58,31,14.76,JP,2022-01-31 23:54:44
340,Inverness,57.4791,-4.224,52.99,88,75,3.0,GB,2022-01-31 23:54:44
341,Taoudenni,22.6783,-3.9836,67.66,8,68,12.66,ML,2022-01-31 23:54:44
342,Los Llanos De Aridane,28.6585,-17.9182,57.13,68,0,7.0,ES,2022-01-31 23:54:45
343,Grindavik,63.8424,-22.4338,39.15,87,20,35.68,IS,2022-01-31 23:54:45
344,Santa Cruz De La Palma,28.6835,-17.7642,61.14,55,0,8.05,ES,2022-01-31 23:54:46
345,Arraial Do Cabo,-22.9661,-42.0278,75.16,94,75,3.44,BR,2022-01-31 23:54:46
346,Ballina,-28.8667,153.5667,85.78,75,35,3.44,AU,2022-01-31 23:54:46
347,Port Lincoln,-34.7333,135.8667,64.49,60,72,21.59,AU,2022-01-31 23:51:11
348,Manado,1.487,124.8455,75.97,94,20,1.14,ID,2022-01-31 23:54:47
349,Akureyri,65.6835,-18.0878,21.13,100,100,8.05,IS,2022-01-31 23:54:47
350,Hofn,64.2539,-15.2082,30.36,86,97,8.63,IS,2022-01-31 23:54:47
351,Vila,42.0304,-8.1588,40.08,73,2,6.35,PT,2022-01-31 23:52:00
352,Samfya,-11.3649,29.5565,63.19,96,37,2.19,ZM,2022-01-31 23:54:48
353,Makakilo City,21.3469,-158.0858,78.55,59,20,6.91,US,2022-01-31 23:54:48
354,Nabire,-3.3667,135.4833,78.21,80,100,0.56,ID,2022-01-31 23:54:48
355,Porto Santo,33.072,-16.3415,65.3,82,40,21.85,PT,2022-01-31 23:54:49
356,Saint-Augustin,51.226,-58.6502,3.11,96,95,6.35,CA,2022-01-31 23:54:49
357,Palanga,55.9175,21.0686,30.22,93,75,8.05,LT,2022-01-31 23:54:49
358,Sobolevo,54.4299,31.8996,23.67,97,100,5.88,RU,2022-01-31 23:54:50
359,Lillooet,50.6856,-121.942,36.32,85,90,3.36,CA,2022-01-31 23:54:50
360,Monywa,22.1167,95.1333,57.07,69,4,5.08,MM,2022-01-31 23:54:50
361,Ponta Delgada,37.7333,-25.6667,59.72,72,40,8.05,PT,2022-01-31 23:54:51
362,Thinadhoo,0.5333,72.9333,82.56,69,19,11.05,MV,2022-01-31 23:52:17
363,Guanay,-15.4975,-67.8797,72.88,98,92,1.66,BO,2022-01-31 23:54:51
364,Krasnoselkup,65.7,82.4667,7.75,96,100,9.13,RU,2022-01-31 23:54:51
365,Huittinen,61.1833,22.7,14.83,96,75,4.83,FI,2022-01-31 23:54:52
366,Puerto Escondido,15.85,-97.0667,81.54,67,10,10.49,MX,2022-01-31 23:52:17
367,Kodinsk,58.6881,99.1844,-3.17,99,96,1.81,RU,2022-01-31 23:54:52
368,Elliot,-31.3333,27.85,60.96,91,100,3.76,ZA,2022-01-31 23:54:52
369,Tagusao,9.1924,117.8141,79.9,79,33,4.45,PH,2022-01-31 23:54:53
370,Labuhan,-6.8844,112.2051,79.07,84,100,5.99,ID,2022-01-31 23:54:42
371,Karema,-6.8205,30.4389,69.64,89,100,7.96,TZ,2022-01-31 23:54:53
372,Antsohihy,-14.8796,47.9875,75.83,86,69,3.65,MG,2022-01-31 23:55:53
373,Statesville,35.7826,-80.8873,47.23,50,0,3.44,US,2022-01-31 23:54:13
374,Dayong,25.0209,118.2898,51.48,95,100,4.65,CN,2022-01-31 23:55:54
375,Rawson,-43.3002,-65.1023,75.07,22,31,14.47,AR,2022-01-31 23:51:34
376,Ruteng,-8.6136,120.4721,67.96,82,76,3.83,ID,2022-01-31 23:55:54
377,Sisimiut,66.9395,-53.6735,6.17,88,100,6.71,GL,2022-01-31 23:55:55
378,Hillsboro,45.5229,-122.9898,48.15,77,68,4.0,US,2022-01-31 23:55:01
379,Xingtai,37.0631,114.4942,26.24,36,1,3.94,CN,2022-01-31 23:55:55
380,Sokoni,-6.4333,39.55,79.93,76,43,8.77,TZ,2022-01-31 23:55:55
381,Mirandela,41.4874,-7.187,45.23,74,0,2.35,PT,2022-01-31 23:55:56
382,Bilma,18.6853,12.9164,54.1,22,0,5.93,NE,2022-01-31 23:54:37
383,Tiznit,29.5833,-9.5,63.37,42,99,5.1,MA,2022-01-31 23:55:56
384,Ostersund,63.1792,14.6357,10.85,92,100,8.05,SE,2022-01-31 23:55:57
385,Boshnyakovo,49.6333,142.1667,8.08,92,100,11.48,RU,2022-01-31 23:55:57
386,Hailey,43.5196,-114.3153,25.9,67,25,9.31,US,2022-01-31 23:55:57
387,Plettenberg Bay,-34.0527,23.3716,73.83,76,98,1.88,ZA,2022-01-31 23:55:58
388,Scarborough,54.2797,-0.4044,44.51,89,92,7.0,GB,2022-01-31 23:55:58
389,Udachnyy,66.4167,112.4,-36.04,100,81,3.38,RU,2022-01-31 23:55:58
390,Oleksandrivka,48.9634,32.2349,24.67,92,34,11.63,UA,2022-01-31 23:55:59
391,Mareeba,-17.0,145.4333,85.48,87,80,6.11,AU,2022-01-31 23:55:59
392,Pacific Grove,36.6177,-121.9166,59.94,84,40,4.0,US,2022-01-31 23:55:59
393,Henties Bay,-22.116,14.2845,69.85,78,100,7.07,NA,2022-01-31 23:53:15
394,Puerto Del Rosario,28.5004,-13.8627,69.48,63,100,6.91,ES,2022-01-31 23:52:59
395,Monster,52.0258,4.175,42.98,75,40,8.99,NL,2022-01-31 23:56:00
396,Bonavista,48.6499,-53.1147,32.11,70,63,15.37,CA,2022-01-31 23:56:00
397,Namibe,-15.1961,12.1522,71.78,72,99,8.68,AO,2022-01-31 23:56:00
398,Martinsburg,39.4562,-77.9639,33.04,55,100,3.44,US,2022-01-31 23:52:28
399,Mweka,-4.85,21.5667,68.38,95,100,2.57,CD,2022-01-31 23:56:01
400,Hrinova,48.5779,19.5257,31.55,95,99,3.74,SK,2022-01-31 23:56:01
401,Pangody,65.85,74.4859,-14.51,100,99,6.02,RU,2022-01-31 23:56:01
402,Sakakah,29.9697,40.2064,47.77,57,2,9.84,SA,2022-01-31 23:56:02
403,Ossora,59.2353,163.0719,19.96,94,100,13.98,RU,2022-01-31 23:56:02
404,Noormarkku,61.5927,21.8685,8.38,85,0,4.61,FI,2022-01-31 23:56:02
405,Tukrah,32.5341,20.5791,54.27,77,37,19.82,LY,2022-01-31 23:56:03
406,Chapais,49.7834,-74.8492,-11.42,99,79,3.04,CA,2022-01-31 23:56:03
407,Yantal,56.8471,105.2542,-1.25,99,100,1.68,RU,2022-01-31 23:56:03
408,Torquay,50.4638,-3.5143,48.85,89,91,1.99,GB,2022-01-31 23:56:04
409,Diamantino,-14.4086,-56.4461,70.81,97,100,6.71,BR,2022-01-31 23:54:11
410,Nizwa,22.9333,57.5333,65.14,45,0,2.55,OM,2022-01-31 23:56:04
411,Port-Gentil,-0.7193,8.7815,80.96,77,36,7.49,GA,2022-01-31 23:53:24
412,Barcelos,41.5388,-8.6151,50.85,75,0,6.55,PT,2022-01-31 23:56:05
413,Cockburn Town,21.4612,-71.1419,73.85,72,96,22.57,TC,2022-01-31 23:51:44
414,Cabo San Lucas,22.8909,-109.9124,76.6,58,1,4.0,MX,2022-01-31 23:55:26
415,Kutum,14.2,24.6667,49.48,26,0,8.16,SD,2022-01-31 23:56:05
416,Adrar,20.5022,-10.0711,73.67,14,100,10.71,MR,2022-01-31 23:56:06
417,Tra Vinh,9.9347,106.3453,77.05,79,38,10.0,VN,2022-01-31 23:56:06
418,Mackay,-21.15,149.2,90.68,70,65,3.44,AU,2022-01-31 23:57:06
419,Melfi,40.9965,15.6514,46.49,93,100,7.52,IT,2022-01-31 23:57:06
420,Muroto,33.2833,134.15,35.64,53,57,12.48,JP,2022-01-31 23:56:58
421,Palmaner,13.2,78.75,62.78,98,61,1.57,IN,2022-01-31 23:57:07
422,Ambilobe,-13.2,49.05,73.94,94,100,1.61,MG,2022-01-31 23:57:07
423,Griffith,41.5284,-87.4237,31.91,68,0,3.0,US,2022-01-31 23:53:49
424,Beyneu,45.3167,55.2,33.73,81,7,15.88,KZ,2022-01-31 23:57:08
425,Toul,48.6667,5.9167,38.79,83,100,16.11,FR,2022-01-31 23:57:08
426,Mantua,45.1667,10.7833,42.44,72,6,8.01,IT,2022-01-31 23:57:08
427,Wagrowiec,52.8084,17.1996,30.15,78,54,5.06,PL,2022-01-31 23:57:09
428,Odweyne,9.4092,45.064,62.92,54,23,5.12,SO,2022-01-31 23:57:09
429,Mount Isa,-20.7333,139.5,85.77,66,73,12.66,AU,2022-01-31 23:57:09
430,Terrace,54.5163,-128.6035,37.42,87,75,13.8,CA,2022-01-31 23:55:07
431,Picsi,-6.7178,-79.7697,73.24,68,0,18.41,PE,2022-01-31 23:57:10
432,Gizo,-8.103,156.8419,84.81,71,97,6.13,SB,2022-01-31 23:57:10
433,Borogontsy,62.6683,131.1683,-25.83,97,100,3.29,RU,2022-01-31 23:57:10
434,Jayanca,-6.3908,-79.8219,73.0,56,97,10.18,PE,2022-01-31 23:57:11
435,Alofi,-19.0595,-169.9187,78.69,83,75,9.22,NU,2022-01-31 23:57:11
436,Saint-Gaudens,43.0833,0.6667,43.14,94,92,6.24,FR,2022-01-31 23:57:11
437,Tombouctou,20.0,-3.0,67.53,10,19,14.29,ML,2022-01-31 23:57:12
438,Kranea Elassonos,39.9483,21.9658,33.31,76,100,2.75,GR,2022-01-31 23:57:12
439,Guerrero Negro,27.9769,-114.0611,65.75,48,21,11.79,MX,2022-01-31 23:57:12
440,Daru,-9.0763,143.2092,77.63,88,100,8.88,PG,2022-01-31 23:57:13
441,Porto Torres,40.835,8.3972,53.78,75,34,20.92,IT,2022-01-31 23:56:34
442,Anju,39.6178,125.6647,22.37,93,76,3.38,KP,2022-01-31 23:57:13
443,Inyonga,-6.7167,32.0667,64.42,97,100,3.65,TZ,2022-01-31 23:57:13
444,Nantucket,41.2835,-70.0995,27.14,65,72,12.33,US,2022-01-31 23:55:12
445,Rundu,-17.9333,19.7667,66.45,96,100,8.61,NA,2022-01-31 23:57:14
446,Remiremont,48.0175,6.5882,38.46,96,100,8.52,FR,2022-01-31 23:57:14
447,Yenagoa,4.9247,6.2642,72.75,73,54,3.06,NG,2022-01-31 23:53:37
448,Kunming,25.0389,102.7183,35.53,100,100,6.71,CN,2022-01-31 23:57:15
449,Port Hardy,50.6996,-127.4199,46.76,87,75,3.44,CA,2022-01-31 23:56:17
450,Beckley,37.7782,-81.1882,37.89,90,14,1.14,US,2022-01-31 23:57:15
451,Vardo,70.3705,31.1107,22.51,80,56,8.79,NO,2022-01-31 23:54:18
452,Marsh Harbour,26.5412,-77.0636,64.63,52,0,9.78,BS,2022-01-31 23:57:16
453,Hay River,60.8156,-115.7999,-4.02,71,40,9.22,CA,2022-01-31 23:57:16
454,Westport,41.1415,-73.3579,26.92,64,57,1.99,US,2022-01-31 23:52:42
455,Pangnirtung,66.1451,-65.7125,-25.6,68,20,2.3,CA,2022-01-31 23:57:16
456,Tura,25.5198,90.2201,54.81,65,25,4.99,IN,2022-01-31 23:57:17
457,Bereda,43.2686,-7.5406,47.91,99,27,6.35,ES,2022-01-31 23:54:11
458,Torit,4.4133,32.5678,80.24,31,80,3.62,SS,2022-01-31 23:57:17
459,Cheremukhovo,60.3484,59.9851,-7.35,100,84,1.32,RU,2022-01-31 23:57:17
460,Shenjiamen,29.9576,122.298,43.25,66,98,9.51,CN,2022-01-31 23:57:18
461,Gamba,-2.65,10.0,77.07,87,80,3.65,GA,2022-01-31 23:53:27
462,Santa Maria,-29.6842,-53.8069,81.7,51,40,3.44,BR,2022-01-31 23:57:18
463,Yar-Sale,66.8333,70.8333,-16.76,100,68,5.55,RU,2022-01-31 23:57:18
464,Meitingen,48.55,10.85,36.79,87,100,17.27,DE,2022-01-31 23:57:19
465,Marawi,7.9986,124.2928,70.32,90,100,1.39,PH,2022-01-31 23:58:19
466,Somerset,40.5668,-74.5496,28.29,67,55,1.01,US,2022-01-31 23:58:19
467,Salekhard,66.53,66.6019,-24.32,100,95,3.94,RU,2022-01-31 23:58:20
468,Ruthin,53.1137,-3.3178,47.35,93,98,8.01,GB,2022-01-31 23:58:20
469,Ariquemes,-9.9133,-63.0408,71.51,99,100,2.48,BR,2022-01-31 23:56:39
470,Valley City,46.9233,-98.0032,29.14,93,100,9.22,US,2022-01-31 23:58:20
471,Clermont,49.5,2.4167,39.04,84,36,7.14,FR,2022-01-31 23:58:21
472,Springbok,-29.6643,17.8865,73.27,64,1,4.23,ZA,2022-01-31 23:58:21
473,Imeni Poliny Osipenko,52.4201,136.4853,-5.44,98,97,3.04,RU,2022-01-31 23:58:21
474,Dongying,37.4564,118.4856,24.22,52,0,4.83,CN,2022-01-31 23:58:22
475,Begunitsy,59.5855,29.3176,23.29,96,100,5.48,RU,2022-01-31 23:58:22
476,Lata,40.1629,-8.3327,49.05,60,0,4.76,PT,2022-01-31 23:53:34
477,Pasni,25.2631,63.471,72.57,41,0,12.59,PK,2022-01-31 23:58:23
478,Les Cayes,18.2,-73.75,74.26,81,64,7.07,HT,2022-01-31 23:58:23
479,Leningradskiy,69.3833,178.4167,-17.01,94,67,9.53,RU,2022-01-31 23:53:31
480,Leshukonskoye,64.8989,45.7622,-0.11,99,100,3.38,RU,2022-01-31 23:56:28
481,General Pico,-35.6566,-63.7568,65.16,46,50,9.19,AR,2022-01-31 23:58:23
482,Alihe,50.5667,123.7167,0.36,91,95,3.02,CN,2022-01-31 23:55:44
483,Casablanca,33.5928,-7.6192,60.33,87,0,5.99,MA,2022-01-31 23:58:06
484,Constantine,36.365,6.6147,45.81,65,0,9.22,DZ,2022-01-31 23:58:24
485,Namsos,64.4662,11.4957,28.9,95,100,8.75,NO,2022-01-31 23:58:24
486,Ndele,8.4109,20.6473,68.7,21,17,4.92,CF,2022-01-31 23:58:25
487,Kenai,60.5544,-151.2583,17.02,92,20,3.44,US,2022-01-31 23:58:25
488,Kaset Sombun,16.2805,101.9542,71.49,68,15,1.52,TH,2022-01-31 23:58:25
489,Oparino,59.8518,48.2783,12.42,95,84,8.12,RU,2022-01-31 23:58:26
490,Raudeberg,61.9875,5.1352,30.87,86,100,1.99,NO,2022-01-31 23:58:26
491,Krasnaya Gora,52.9995,31.6023,26.51,94,99,11.52,RU,2022-01-31 23:58:26
492,Cururupu,-1.8283,-44.8683,74.97,95,98,4.14,BR,2022-01-31 23:58:27
493,Oranjemund,-28.55,16.4333,67.12,84,0,7.65,NA,2022-01-31 23:58:27
494,Bismarck,46.8083,-100.7837,38.88,95,100,12.66,US,2022-01-31 23:58:27
495,Louis Trichardt,-23.0439,29.9032,61.7,90,17,4.74,ZA,2022-01-31 23:58:28
496,Shelburne,44.0787,-80.2041,22.89,96,67,4.76,CA,2022-01-31 23:54:28
497,Gorontalo,0.5412,123.0595,81.34,73,69,3.47,ID,2022-01-31 23:58:28
498,Lorengau,-2.0226,147.2712,78.35,88,100,12.71,PG,2022-01-31 23:53:47
499,Indramayu,-6.3264,108.32,79.9,81,100,7.36,ID,2022-01-31 23:58:29
500,Coffs Harbour,-30.3,153.1333,85.14,78,2,8.05,AU,2022-01-31 23:58:29
501,Akyab,20.15,92.9,58.59,59,14,5.53,MM,2022-01-31 23:58:29
502,Gberia Fotombu,9.8833,-11.1667,74.07,16,91,4.94,SL,2022-01-31 23:58:29
503,Eskilstuna,59.3666,16.5077,21.72,85,97,1.99,SE,2022-01-31 23:58:30
504,Lujan,-34.5703,-59.105,72.99,52,5,8.34,AR,2022-01-31 23:58:30
505,Kirkuk,35.4681,44.3922,43.75,80,100,8.19,IQ,2022-01-31 23:58:30
506,Gambo,4.6482,22.2633,68.14,34,79,0.87,CF,2022-01-31 23:58:31
507,Ilo,-17.6394,-71.3375,69.44,83,1,5.32,PE,2022-01-31 23:58:31
508,Krasnovishersk,60.4078,57.082,2.93,99,95,2.89,RU,2022-01-31 23:58:31
509,Malakal,9.5334,31.6605,72.07,18,3,8.55,SS,2022-01-31 23:58:32
510,Sao Miguel Do Araguaia,-13.275,-50.1628,71.02,94,100,1.99,BR,2022-01-31 23:58:32
511,Aykhal,66.0,111.5,-27.47,100,89,4.97,RU,2022-01-31 23:59:32
512,Matagami,49.7502,-77.6328,-7.49,84,0,4.61,CA,2022-01-31 23:59:33
513,Poum,-20.2333,164.0167,81.16,73,89,11.61,NC,2022-01-31 23:59:33
514,Belyy Yar,53.6039,91.3903,-20.31,83,57,0.0,RU,2022-01-31 23:59:33
515,Yalta,44.5,34.1667,39.27,77,55,9.17,UA,2022-01-31 23:59:34
516,Kozan,37.4552,35.8157,43.7,94,100,5.97,TR,2022-01-31 23:59:34
517,Wanning,18.8003,110.3967,70.21,91,96,3.6,CN,2022-01-31 23:59:34
518,Praia,14.9215,-23.5087,70.34,88,0,13.8,CV,2022-01-31 23:54:41
519,Sinop,41.7711,34.8709,26.11,86,8,8.34,TR,2022-01-31 23:59:35
520,Nipawin,53.3668,-104.0009,10.44,85,100,25.32,CA,2022-01-31 23:59:35
521,Bonthe,7.5264,-12.505,76.96,91,56,5.88,SL,2022-01-31 23:59:35
522,Brownsville,25.9018,-97.4975,77.11,76,44,4.0,US,2022-01-31 23:59:36
523,Invermere,50.5167,-116.0354,25.95,81,63,4.34,CA,2022-01-31 23:59:36
524,Nueva Germania,-23.9,-56.5667,81.19,27,33,4.21,PY,2022-01-31 23:59:37
525,Talavera De La Reina,39.9635,-4.8308,41.88,66,0,5.48,ES,2022-01-31 23:59:37
526,Mountain Home,43.133,-115.6912,35.42,93,40,12.66,US,2022-01-31 23:58:05
527,Jimo,36.3897,120.4622,22.78,58,0,11.18,CN,2022-01-31 23:59:37
528,Sangar,63.9242,127.4739,-37.53,100,100,0.92,RU,2022-01-31 23:59:38
529,Shihezi,44.3,86.0333,0.1,93,59,3.27,CN,2022-01-31 23:59:38
530,Gap,44.6667,6.0,16.07,90,64,12.73,FR,2022-01-31 23:59:38
531,Negombo,7.2083,79.8358,73.45,100,0,3.44,LK,2022-01-31 23:59:38
532,Ystad,55.4297,13.8204,29.98,65,86,8.88,SE,2022-01-31 23:59:39
533,Carbonia,39.1672,8.5222,52.45,69,66,33.6,IT,2022-01-31 23:59:39
534,Boyolangu,-8.1181,111.8935,77.25,85,100,2.3,ID,2022-01-31 23:59:39
535,Antalaha,-14.9003,50.2788,75.49,86,96,6.53,MG,2022-01-31 23:59:40
536,Boyuibe,-20.4167,-63.2833,78.71,67,91,3.96,BO,2022-01-31 23:59:40
